Дата	Количество	Сумма	Наименование
2023-04-01 21:44:00	1	114,98	ЯЙЦО КУРИНОЕ 1 КАТЕГОРИЯ ДОМАШНЕЕ БЕЛОРЕЧЬЕ 10ШТ БОКС
2023-04-17 21:53:00	1	129,98	ЯЙЦО КУРИНОЕ 2 КАТЕГОРИИ ФОРТИУС 15ШТ ПЛЕНКА
2023-04-17 21:53:00	1	59,9	ПЕЧЕНЬЕ ЗАТЯЖНОЕ ГУТЭ ОРИОН 72Г (1/20)
2023-04-17 21:53:00	1	179,99	ШОКОЛАД ПОБЕДА МОЛОЧНЫЙ 36% КАКАО БЕЗ САХАРА 100Г (1/20)
2023-05-01 20:42:00	1	135,66	ЯЙЦО КУРИНОЕ ОТБОРНОЕ ИМПЕРИЯ 10ШТ БОКС
2023-05-01 20:42:00	1	174,43	ШОКОЛАД ПОБЕДА МОЛОЧНЫЙ 36% КАКАО БЕЗ САХАРА 100Г (1/20)
2023-05-01 20:42:00	1	129,9	ШОКОЛАД ГОРЬКИЙ 55% КОРКУНОВ 90Г (1/14)
2023-05-02 21:51:00	1	139,9	ШОКОЛАД ГОРЬКИЙ МЕРСИ 100Г (1/15)
2023-05-02 21:51:00	1	79,79	ШОКОЛАД ПРИМ. КОНДИТЕР ТЕМНЫЙ С МОРСКОЙ КАПУСТОЙ 65Г (1/22)
2023-05-11 21:16:00	1	179,99	ШОКОЛАД ПОБЕДА МОЛОЧНЫЙ 36% КАКАО БЕЗ САХАРА 100Г (1/20)
2023-05-11 21:16:00	1	129,9	ШОКОЛАД ГОРЬКИЙ 55% КОРКУНОВ 90Г (1/14)
2023-05-11 21:16:00	1	99,9	ПЕЧЕНЬЕ BELVITA УТРЕННЕЕ КАКАО 225Г (1/20)
2023-05-11 21:16:00	1	125,9	ПЕЧЕНЬЕ ЛЮБЯТОВО ЗЛАКОВОЕ МЮСЛИ С ТЫКВ.И ЛЬНЯН. СЕМЕЧКАМИ 120Г (1/20)
2023-05-11 21:16:00	1	179,98	ЯЙЦО КУРИНОЕ ОТБОРНОЕ ФОРТИУС 15ШТ ПЛЕНКА
2023-05-17 21:09:00	1	109,98	ЯЙЦО КУРИНОЕ 1 КАТЕГОРИЯ ДОМАШНЕЕ БЕЛОРЕЧЬЕ 10ШТ БОКС
2023-05-25 14:53:00	1	149,9	ШОКОЛАД RITTER SPORT EXTRA NUT МОЛОЧНЫЙ ЦЕЛЬНЫЙ МИНДАЛЬ 100Г (1/11)
2023-05-25 14:53:00	1	59,75	ВАФЕЛЬНЫЙ ХЛЕБ РЖАНОЙ ЕЛИЗАВЕТА 75Г
2023-05-30 22:00:00	1	104,92	ЯЙЦО КУРИНОЕ 1 КАТЕГОРИЯ ДОМАШНЕЕ БЕЛОРЕЧЬЕ 10ШТ БОКС
2023-06-07 22:02:00	1	55,87	ВАФЕЛЬНЫЙ ХЛЕБ ВИТАМИНЫ С ЖЕЛЕЗОМ ЕЛИЗАВЕТА 80Г
2023-06-07 22:02:00	1	129,98	ЯЙЦО КУРИНОЕ 2 КАТЕГОРИИ ФОРТИУС 15ШТ ПЛЕНКА
2023-06-15 21:41:00	1	179,99	ШОКОЛАД ПОБЕДА МОЛОЧНЫЙ 36% КАКАО БЕЗ САХАРА 100Г (1/20)
2023-06-15 21:41:00	1	109,98	ЯЙЦО КУРИНОЕ 1 КАТЕГОРИЯ ДОМАШНЕЕ БЕЛОРЕЧЬЕ 10ШТ БОКС
2023-06-15 21:41:00	2	259,8	ШОКОЛАД RITTER SPORT ТЕМНЫЙ МИНДАЛЬ И АПЕЛЬСИН 100Г (1/12)
2023-06-24 21:03:00	1	179,99	ШОКОЛАД ПОБЕДА МОЛОЧНЫЙ 36% КАКАО БЕЗ САХАРА 100Г (1/20)
2023-06-24 21:03:00	1	179,98	ЯЙЦО КУРИНОЕ ОТБОРНОЕ ФОРТИУС 15ШТ ПЛЕНКА
2023-06-29 21:18:00	1	133,43	ЯЙЦО КУРИНОЕ ОТБОРНОЕ ИМПЕРИЯ 10ШТ БОКС
2023-06-29 21:18:00	1	56,97	ВАФЕЛЬНЫЙ ХЛЕБ ВИТАМИНЫ С ЖЕЛЕЗОМ ЕЛИЗАВЕТА 80Г
2023-07-06 21:46:00	1	149,9	ШОКОЛАД RITTER SPORT ТЕМНЫЙ  ЦЕЛЬНЫЙ МИНДАЛЬ 100Г
2023-07-06 21:46:00	1	107,86	ЯЙЦО КУРИНОЕ 1 КАТЕГОРИЯ ДОМАШНЕЕ БЕЛОРЕЧЬЕ 10ШТ БОКС
2023-07-13 21:46:00	1	149,9	ШОКОЛАД RITTER SPORT EXTRA NUT ТЕМНЫЙ ЦЕЛЬНЫЙ ЛЕСН. ОРЕХ 100Г (1/10)
2023-07-13 21:46:00	1	179,99	ШОКОЛАД ПОБЕДА МОЛОЧНЫЙ 36% КАКАО БЕЗ САХАРА 100Г (1/20)
2023-07-13 21:46:00	1	109,98	ЯЙЦО КУРИНОЕ 1 КАТЕГОРИЯ ДОМАШНЕЕ БЕЛОРЕЧЬЕ 10ШТ БОКС
2023-07-22 18:11:00	1	106,18	ЯЙЦО КУРИНОЕ 1 КАТЕГОРИЯ ДОМАШНЕЕ БЕЛОРЕЧЬЕ 10ШТ БОКС
2023-07-26 23:08:00	2	219,96	ЯЙЦО КУРИНОЕ 1 КАТЕГОРИЯ ДОМАШНЕЕ БЕЛОРЕЧЬЕ 10ШТ БОКС
2023-07-26 23:08:00	1	363,87	ОРЕХ ГРЕЦКИЙ FRUIT&NUT 200Г ДОЙ-ПАК
2023-07-27 19:15:00	1	120,98	КРЕКЕР ЯНТАРНЫЙ С СЫРОМ ЛЮБЯТОВО 500Г (1/12)
2023-07-27 19:15:00	1	72,02	ЯЙЦО КУРИНОЕ 1 КАТЕГОРИЯ ДОМАШНЕЕ БЕЛОРЕЧЬЕ 10ШТ БОКС
2023-07-31 21:07:00	1	109,98	ЯЙЦО КУРИНОЕ 1 КАТЕГОРИЯ ДОМАШНЕЕ БЕЛОРЕЧЬЕ 10ШТ БОКС
2023-08-06 16:50:00	1	98,34	ПЕЧЕНЬЕ ЛОТТЕ СЭНД АНАНАСОВОЕ 105Г (1/30)
2023-08-06 16:50:00	1	58,77	ВАФЕЛЬНЫЙ ХЛЕБ ЕЛИЗАВЕТА С ЧЕСНОКОМ 80Г
2023-08-06 16:50:00	1	108,18	ЯЙЦО КУРИНОЕ 1 КАТЕГОРИЯ ДОМАШНЕЕ БЕЛОРЕЧЬЕ 10ШТ БОКС
2023-08-12 21:00:00	1	109,98	ЯЙЦО КУРИНОЕ 1 КАТЕГОРИЯ ДОМАШНЕЕ БЕЛОРЕЧЬЕ 10ШТ БОКС
2023-08-22 17:33:00	1	129,98	ЯЙЦО КУРИНОЕ 1 КАТЕГОРИИ ИВА 10ШТ БОКС
2023-08-31 20:44:00	2	239,96	ЯЙЦО КУРИНОЕ ОТБОРНОЕ ДОМАШНЕЕ БЕЛОРЕЧЬЕ 10ШТ БОКС
2023-09-05 21:24:00	1	109,98	ЯЙЦО КУРИНОЕ 1 КАТЕГОРИЯ ДОМАШНЕЕ БЕЛОРЕЧЬЕ 10ШТ БОКС
2023-09-14 21:26:00	1	110,64	ЯЙЦО КУРИНОЕ ОТБОРНОЕ ДОМАШНЕЕ БЕЛОРЕЧЬЕ 10ШТ БОКС
2023-09-14 21:26:00	1	55,32	ВАФЕЛЬНЫЙ ХЛЕБ ПРОСТОЙ ЕЛИЗАВЕТА 80Г
2023-09-20 20:57:00	1	119,98	ЯЙЦО КУРИНОЕ 1 КАТЕГОРИЯ ДОМАШНЕЕ БЕЛОРЕЧЬЕ 10ШТ БОКС
2023-10-03 21:11:00	1	119,98	ЯЙЦО КУРИНОЕ 1 КАТЕГОРИЯ ДОМАШНЕЕ БЕЛОРЕЧЬЕ 10ШТ БОКС
2023-10-10 21:39:00	2	279,96	ЯЙЦО КУРИНОЕ ОТБОРНОЕ ДОМАШНЕЕ БЕЛОРЕЧЬЕ 10ШТ БОКС
2023-10-25 15:33:00	2	224,14	ЯЙЦО КУРИНОЕ 1 КАТЕГОРИЯ ДОМАШНЕЕ БЕЛОРЕЧЬЕ 10ШТ БОКС
2023-11-05 21:01:00	1	146,59	ЯЙЦО КУРИНОЕ 1 КАТЕГОРИЯ ДОМАШНЕЕ БЕЛОРЕЧЬЕ 10ШТ БОКС
2023-11-14 17:05:00	1	149,98	ЯЙЦО КУРИНОЕ 1 КАТЕГОРИЯ ДОМАШНЕЕ БЕЛОРЕЧЬЕ 10ШТ БОКС
2023-11-26 18:49:00	1	214,64	ЯЙЦО КУРИНОЕ ОТБОРНОЕ ФОРТИУС 15ШТ ПЛЕНКА
2023-11-26 18:49:00	1	55,77	ВАФЕЛЬНЫЙ ХЛЕБ ЕЛИЗАВЕТА С ЧЕСНОКОМ 80Г
2023-11-30 21:30:00	2	319,96	ЯЙЦО КУРИНОЕ ОТБОРНОЕ ДОМАШНЕЕ БЕЛОРЕЧЬЕ 10ШТ БОКС
2023-12-07 19:37:00	1	177,98	ЯЙЦО КУРИНОЕ ОТБОРНОЕ ДОМАШНЕЕ БЕЛОРЕЧЬЕ 10ШТ БОКС
2023-12-14 19:29:00	1	171,34	ЯЙЦО КУРИНОЕ ОТБОРНОЕ ДОМАШНЕЕ БЕЛОРЕЧЬЕ 10ШТ БОКС
2023-12-23 18:48:00	1	177,98	ЯЙЦО КУРИНОЕ ОТБОРНОЕ ДОМАШНЕЕ БЕЛОРЕЧЬЕ 10ШТ БОКС
2023-12-29 15:24:00	1	359,9	КОНФЕТЫ МЕРСИ 8 ВИДОВ ШОКОЛАДА 250Г (1/10)
2023-12-31 19:51:00	1	429,9	КОНФЕТЫ КОРКУНОВ АССОРТИ ТЕМНЫЙ И МОЛОЧНЫЙ ШОКОЛАД 165Г
2023-12-31 19:51:00	1	166,98	ЯЙЦО КУРИНОЕ 1 КАТЕГОРИЯ ДОМАШНЕЕ БЕЛОРЕЧЬЕ 10ШТ БОКС
2024-01-06 17:20:00	1	149,9	ЯЙЦО КУРИНОЕ ОТБОРНОЕ ПФ ФЕДОРОВСКОЕ 9ШТ БОКС
2024-01-09 11:59:00	16	2878,4	ШОКОЛАД ТЕМНЫЙ МЕРСИ МАРЦИПАН 112Г
2024-01-10 21:50:00	1	177,98	ЯЙЦО КУРИНОЕ ОТБОРНОЕ ДОМАШНЕЕ БЕЛОРЕЧЬЕ 10ШТ БОКС
2024-01-18 22:13:00	2	333,96	ЯЙЦО КУРИНОЕ 1 КАТЕГОРИЯ ДОМАШНЕЕ БЕЛОРЕЧЬЕ 10ШТ БОКС
2024-01-18 22:13:00	1	59,75	ВАФЕЛЬНЫЙ ХЛЕБ ЕЛИЗАВЕТА С ЧЕСНОКОМ 80Г
2024-01-18 22:13:00	1	199,76	ШОКОЛАД ПОБЕДА МОЛОЧНЫЙ 36% КАКАО БЕЗ САХАРА 100Г (1/20)
2024-01-26 18:01:00	1	168,43	ЯЙЦО КУРИНОЕ ОТБОРНОЕ ДОМАШНЕЕ БЕЛОРЕЧЬЕ 10ШТ БОКС
2024-01-26 18:01:00	1	56,55	ВАФЕЛЬНЫЙ ХЛЕБ ЕЛИЗАВЕТА С ЧЕСНОКОМ 80Г
2024-02-03 20:02:00	1	166,98	ЯЙЦО КУРИНОЕ 1 КАТЕГОРИЯ ДОМАШНЕЕ БЕЛОРЕЧЬЕ 10ШТ БОКС
2024-02-28 17:23:00	2	355,96	ЯЙЦО КУРИНОЕ ОТБОРНОЕ ДОМАШНЕЕ БЕЛОРЕЧЬЕ 10ШТ БОКС
2024-02-28 17:23:00	1	59,75	ВАФЕЛЬНЫЙ ХЛЕБ ЕЛИЗАВЕТА С ЧЕСНОКОМ 80Г
2024-03-06 22:25:00	21	2097,9	ШОКОЛАД КОРКУНОВ МОЛОЧНЫЙ С ЦЕЛ. ФУНДУКОМ 90Г (1/12)
2024-03-06 22:25:00	2	355,96	ЯЙЦО КУРИНОЕ ОТБОРНОЕ ДОМАШНЕЕ БЕЛОРЕЧЬЕ 10ШТ БОКС
2024-03-10 14:28:00	1	59,75	ВАФЕЛЬНЫЙ ХЛЕБ ЕЛИЗАВЕТА С ЧЕСНОКОМ 80Г
2024-03-13 17:30:00	1	169,9	ШОКОЛАД RITTER SPORT МОЛОЧНЫЙ ЛЕСНОЙ ОРЕХ 100Г (1/12)
2024-03-13 17:30:00	1	99,99	ШОКОЛАД ПРИМ. КОНДИТЕР ТЕМНЫЙ С МОРСКОЙ СОЛЬЮ 65Г (1/22)
2024-03-13 17:30:00	1	105,77	ШОКОЛАД ПРИМ. КОНДИТЕР ТЕМНЫЙ С МОРСКОЙ КАПУСТОЙ 65Г (1/22)
2024-03-14 21:18:00	3	271,22	ШОКОЛАД ПРИМ. КОНДИТЕР ТЕМНЫЙ С МОРСКОЙ СОЛЬЮ 65Г (1/22)
2024-03-15 19:34:00	1	184,76	КОНФЕТЫ ПРИМ. КОНДИТЕР ФЕСТИВАЛЬ ПЛЕНКА МИКС 250Г (1/18)
2024-03-20 21:16:00	1	177,98	ЯЙЦО КУРИНОЕ ОТБОРНОЕ ДОМАШНЕЕ БЕЛОРЕЧЬЕ 10ШТ БОКС
2024-03-20 21:16:00	1	99,99	ШОКОЛАД ПРИМ. КОНДИТЕР ТЕМНЫЙ С МОРСКОЙ СОЛЬЮ 65Г (1/22)
2024-03-27 21:27:00	3	299,97	ШОКОЛАД ПРИМ. КОНДИТЕР ТЕМНЫЙ С МОРСКОЙ СОЛЬЮ 65Г (1/22)
2024-03-27 21:27:00	1	139,9	ЯЙЦО КУРИНОЕ 1 КАТЕГОРИЯ ДОМАШНЕЕ БЕЛОРЕЧЬЕ 10ШТ БОКС
2024-04-03 21:30:00	1	177,98	ЯЙЦО КУРИНОЕ ОТБОРНОЕ ДОМАШНЕЕ БЕЛОРЕЧЬЕ 10ШТ БОКС
2024-04-10 21:13:00	1	245,98	ЯЙЦО КУРИНОЕ 1 КАТЕГОРИИ ФОРТИУС 15ШТ ПЛЕНКА
2024-04-10 21:13:00	1	99,99	ШОКОЛАД ПРИМ. КОНДИТЕР ТЕМНЫЙ С МОРСКОЙ СОЛЬЮ 65Г (1/22)
2024-04-17 21:39:00	1	176,32	ЯЙЦО КУРИНОЕ ОТБОРНОЕ ДОМАШНЕЕ БЕЛОРЕЧЬЕ 10ШТ БОКС
2024-04-17 21:39:00	1	141,44	ШОКОЛАД ПРИМ. КОНДИТЕР ТЕМНЫЙ С МОРСКОЙ СОЛЬЮ 100Г (1/18)
2024-04-23 21:23:00	1	186,98	ЯЙЦО КУРИНОЕ ОТБОРНОЕ ДОМАШНЕЕ БЕЛОРЕЧЬЕ 10ШТ БОКС
2024-04-23 21:23:00	1	159,9	ШОКОЛАД RITTER SPORT ТЕМНЫЙ МИНДАЛЬ И АПЕЛЬСИН 100Г (1/12)
2024-04-23 21:23:00	1	149,99	ШОКОЛАД ПРИМ. КОНДИТЕР ТЕМНЫЙ С МОРСКОЙ СОЛЬЮ 100Г (1/18)
2024-05-02 21:09:00	2	373,96	ЯЙЦО КУРИНОЕ ОТБОРНОЕ ДОМАШНЕЕ БЕЛОРЕЧЬЕ 10ШТ БОКС
2024-05-07 18:51:00	1	119,9	ЯЙЦО КУРИНОЕ ОТБОРНОЕ ФОРТИУС 10ШТ БОКС
2024-05-12 20:35:00	1	186,98	ЯЙЦО КУРИНОЕ ОТБОРНОЕ ДОМАШНЕЕ БЕЛОРЕЧЬЕ 10ШТ БОКС
2024-05-12 20:35:00	1	159,9	ШОКОЛАД RITTER SPORT МОЛОЧНЫЙ РОМ\ИЗЮМ\ДРОБЛ.ФУНДУК 100Г (1/12)
2024-05-18 17:23:00	1	169,98	ЯЙЦО КУРИНОЕ ОТБОРНОЕ ДОМАШНЕЕ БЕЛОРЕЧЬЕ 10ШТ БОКС
2024-05-24 14:16:00	1	169,98	ЯЙЦО КУРИНОЕ ОТБОРНОЕ ДОМАШНЕЕ БЕЛОРЕЧЬЕ 10ШТ БОКС
2024-05-30 21:23:00	1	149,98	ЯЙЦО КУРИНОЕ ОТБОРНОЕ ФОРТИУС 10ШТ БОКС
2024-06-08 21:10:00	1	126,67	ЯЙЦО КУРИНОЕ ОТБОРНОЕ ФОРТИУС 10ШТ БОКС
2024-06-08 21:10:00	1	75,83	ПЕЧЕНЬЕ ЗАТЯЖНОЕ ОРИОН GOUTE COFFEE 72Г
2024-06-12 20:12:00	1	169,98	ЯЙЦО КУРИНОЕ ОТБОРНОЕ ДОМАШНЕЕ БЕЛОРЕЧЬЕ 10ШТ БОКС
2024-06-17 20:45:00	1	160,1	ЯЙЦО КУРИНОЕ ОТБОРНОЕ ДОМАШНЕЕ БЕЛОРЕЧЬЕ 10ШТ БОКС
2024-06-17 20:45:00	1	56,29	ВАФЕЛЬНЫЙ ХЛЕБ РЖАНОЙ ЕЛИЗАВЕТА 75Г
2024-06-24 21:45:00	1	169,98	ЯЙЦО КУРИНОЕ ОТБОРНОЕ ДОМАШНЕЕ БЕЛОРЕЧЬЕ 10ШТ БОКС
2024-06-24 21:45:00	1	59,75	ВАФЕЛЬНЫЙ ХЛЕБ ЕЛИЗАВЕТА С ЧЕСНОКОМ 80Г
2024-06-28 15:12:00	1	199,98	ЯЙЦО КУРИНОЕ ОТБОРНОЕ УССУРИЙСКАЯ ПТФ 15ШТ ПЛЕНКА
2024-06-30 18:54:00	1	149,98	ЯЙЦО КУРИНОЕ 1 КАТЕГОРИЯ ДОМАШНЕЕ БЕЛОРЕЧЬЕ 10ШТ БОКС
2024-07-07 21:44:00	1	149,98	ЯЙЦО КУРИНОЕ 1 КАТЕГОРИЯ ДОМАШНЕЕ БЕЛОРЕЧЬЕ 10ШТ БОКС
2024-07-07 21:44:00	1	149,9	ШОКОЛАД ГОРЬКИЙ 70% КОРКУНОВ 90Г (1/14)
2024-07-15 21:37:00	2	339,96	ЯЙЦО КУРИНОЕ ОТБОРНОЕ ДОМАШНЕЕ БЕЛОРЕЧЬЕ 10ШТ БОКС
2024-07-15 21:37:00	1	59,75	ВАФЕЛЬНЫЙ ХЛЕБ ЕЛИЗАВЕТА С ЧЕСНОКОМ 80Г
2024-07-15 21:37:00	1	149,9	ШОКОЛАД ГОРЬКИЙ 70% КОРКУНОВ 90Г (1/14)
2024-07-21 22:01:00	1	158,68	ЯЙЦО КУРИНОЕ ОТБОРНОЕ ДОМАШНЕЕ БЕЛОРЕЧЬЕ 10ШТ БОКС
2024-07-26 17:59:00	1	149,9	ШОКОЛАД ГОРЬКИЙ 70% КОРКУНОВ 90Г (1/14)
2024-08-04 21:33:00	1	129,9	ЯЙЦО КУРИНОЕ 1 КАТЕГОРИЯ ДОМАШНЕЕ БЕЛОРЕЧЬЕ 10ШТ БОКС
2024-08-10 13:25:00	2	259,96	ЯЙЦО КУРИНОЕ 2 КАТЕГОРИЯ ДОМАШНЕЕ БЕЛОРЕЧЬЕ 10ШТ БОКС
2024-08-27 21:11:00	1	209,98	ЯЙЦО КУРИНОЕ 1 КАТЕГОРИИ ФОРТИУС 15ШТ ПЛЕНКА
2024-09-11 21:33:00	2	269,67	ЯЙЦО КУРИНОЕ 1 КАТЕГОРИЯ ДОМАШНЕЕ БЕЛОРЕЧЬЕ 10ШТ БОКС
2024-09-14 17:10:00	2	299,8	ШОКОЛАД ГОРЬКИЙ 55% КОРКУНОВ 90Г (1/14)
2024-09-20 21:36:00	1	169,98	ЯЙЦО КУРИНОЕ ОТБОРНОЕ ДОМАШНЕЕ БЕЛОРЕЧЬЕ 10ШТ БОКС
2024-09-26 21:39:00	1	228,86	КУРАГА 1 СОРТ АЛИЕВ 300Г
2024-09-26 21:39:00	1	229,98	ЯЙЦО КУРИНОЕ ОТБОРНОЕ ФОРТИУС 15ШТ ПЛЕНКА
2024-09-26 21:39:00	2	519,98	ШОКОЛАД ГОРЬКИЙ 55% КОРКУНОВ 90Г (1/14)
2024-10-04 21:00:00	1	228,86	КУРАГА 1 СОРТ АЛИЕВ 300Г
2024-10-04 21:00:00	1	149,98	ЯЙЦО КУРИНОЕ 1 КАТЕГОРИЯ ДОМАШНЕЕ БЕЛОРЕЧЬЕ 10ШТ БОКС
2024-10-04 21:00:00	1	64,75	ВАФЕЛЬНЫЙ ХЛЕБ ЕЛИЗАВЕТА С ЧЕСНОКОМ 80Г
2024-10-12 21:38:00	1	229,98	ЯЙЦО КУРИНОЕ ОТБОРНОЕ ФОРТИУС 15ШТ ПЛЕНКА
2024-10-23 21:59:00	1	57,22	ВАФЕЛЬНЫЙ ХЛЕБ ПРОСТОЙ ЕЛИЗАВЕТА 80Г
2024-10-23 21:59:00	1	217,47	ЯЙЦО КУРИНОЕ ОТБОРНОЕ ФОРТИУС 15ШТ ПЛЕНКА
2024-11-05 19:10:00	1	165,98	ЯЙЦО КУРИНОЕ ОТБОРНОЕ ФОРТИУС 10ШТ БОКС
2024-11-05 19:10:00	1	56,78	КРЕКЕР ЯШКИНО С СЫРОМ 135Г (1/24)
2024-11-10 21:14:00	1	234,75	ЯЙЦО КУРИНОЕ ОТБОРНОЕ ФОРТИУС 15ШТ ПЛЕНКА
2024-11-18 21:08:00	1	234,75	ЯЙЦО КУРИНОЕ ОТБОРНОЕ ФОРТИУС 15ШТ ПЛЕНКА
2024-11-24 19:14:00	1	175,77	ЯЙЦО КУРИНОЕ 1 КАТЕГОРИЯ ДОМАШНЕЕ БЕЛОРЕЧЬЕ 10ШТ БОКС
2024-12-05 12:38:00	1	238,98	ЯЙЦО КУРИНОЕ ОТБОРНОЕ ФОРТИУС 15ШТ ПЛЕНКА
2024-12-10 20:37:00	1	237,98	ЯЙЦО КУРИНОЕ 1 КАТЕГОРИИ ФОРТИУС 15ШТ ПЛЕНКА
2024-12-10 20:37:00	1	239,9	ШОКОЛАД ГОРЬКИЙ BUCHERON С МОРСКОЙ СОЛЬЮ 90Г
2024-12-18 21:58:00	1	238,98	ЯЙЦО КУРИНОЕ ОТБОРНОЕ ФОРТИУС 15ШТ ПЛЕНКА
2024-12-18 21:58:00	1	179,9	ШОКОЛАД ГОРЬКИЙ 70% КОРКУНОВ 90Г (1/14)
2024-12-18 21:58:00	1	239,98	ШОКОЛАД ПРИМ. КОНДИТЕР ТЕМНЫЙ С МОРСКОЙ СОЛЬЮ 100Г (1/18)
2024-12-21 16:54:00	1	369,9	КОНФЕТЫ РАФФАЭЛЛО 150Г Т15 (1/6)
2024-12-25 21:55:00	7	1679,86	ШОКОЛАД ПРИМ. КОНДИТЕР ТЕМНЫЙ С МОРСКОЙ СОЛЬЮ 100Г (1/18)
2024-12-25 21:55:00	1	175,77	ЯЙЦО КУРИНОЕ 1 КАТЕГОРИЯ ДОМАШНЕЕ БЕЛОРЕЧЬЕ 10ШТ БОКС
2024-12-29 21:04:00	2	304,25	ЯЙЦО КУРИНОЕ 1 КАТЕГОРИЯ ДОМАШНЕЕ БЕЛОРЕЧЬЕ 10ШТ БОКС
2024-12-29 21:04:00	2	419,8	КОНФЕТЫ TOFFIFEE ЛЕСНОЙ ОРЕХ С НУГОЙ И ШОКОЛАДОМ 125Г (1/30)
2024-12-29 21:04:00	2	349,8	ШОКОЛАД RITTER SPORT МОЛОЧНЫЙ МИНДАЛЬ И КАКАО КРЕМ 100Г
2024-12-29 21:04:00	3	749,7	КОНФЕТЫ КОРКУНОВ АССОРТИ ТЕМНЫЙ И МОЛОЧНЫЙ ШОКОЛАД 110Г
2025-01-04 16:30:00	1	175,77	ЯЙЦО КУРИНОЕ 1 КАТЕГОРИЯ ДОМАШНЕЕ БЕЛОРЕЧЬЕ 10ШТ БОКС
2025-01-11 17:33:00	1	237,98	ЯЙЦО КУРИНОЕ 1 КАТЕГОРИИ ФОРТИУС 15ШТ ПЛЕНКА
2025-01-16 22:39:00	1	349,98	ОРЕХ ГРЕЦКИЙ АЛИЕВ В СКОРЛУПЕ 500Г
2025-01-25 20:38:00	1	179,9	ЯЙЦО КУРИНОЕ ОТБОРНОЕ ДОМАШНЕЕ БЕЛОРЕЧЬЕ 10ШТ БОКС
2025-02-03 21:57:00	1	192,75	ЯЙЦО КУРИНОЕ ОТБОРНОЕ ФОРТИУС 15ШТ ПЛЕНКА
2025-02-11 22:11:00	1	129,98	ЯЙЦО КУРИНОЕ 1 КАТЕГОРИЯ ДОМАШНЕЕ БЕЛОРЕЧЬЕ 10ШТ БОКС
2025-02-11 22:11:00	1	239,98	КУРАГА 1 СОРТ АЛИЕВ 300Г
2025-02-11 22:11:00	1	179,9	ШОКОЛАД ГОРЬКИЙ 55% КОРКУНОВ 90Г (1/14)
2025-02-26 22:11:00	1	158,31	ЯЙЦО КУРИНОЕ ОТБОРНОЕ ДОМАШНЕЕ БЕЛОРЕЧЬЕ 10ШТ БОКС
2025-02-26 22:11:00	1	179,9	ШОКОЛАД ГОРЬКИЙ 55% КОРКУНОВ 90Г (1/14)
2025-03-04 20:30:00	1	192,75	ЯЙЦО КУРИНОЕ ОТБОРНОЕ ФОРТИУС 15ШТ ПЛЕНКА
2025-03-04 20:30:00	20	3598	ШОКОЛАД КОРКУНОВ МОЛОЧНЫЙ 90Г (1/14)
2025-03-08 13:21:00	1	132,76	ЯЙЦО КУРИНОЕ 1 КАТЕГОРИИ ФОРТИУС 10ШТ ПЛЕНКА
2025-03-12 21:59:00	1	129,98	ЯЙЦО КУРИНОЕ 1 КАТЕГОРИЯ ДОМАШНЕЕ БЕЛОРЕЧЬЕ 10ШТ БОКС
2025-03-12 21:59:00	1	179,9	ШОКОЛАД ГОРЬКИЙ 70% КОРКУНОВ 90Г (1/14)
2025-03-22 21:00:00	1	199,98	КУРАГА PRIMFOOD 150Г
2025-03-22 21:00:00	1	139,98	ЯЙЦО КУРИНОЕ ОТБОРНОЕ ДОМАШНЕЕ БЕЛОРЕЧЬЕ 10ШТ БОКС
2025-03-30 20:57:00	1	217,18	ЯЙЦО КУРИНОЕ ОТБОРНОЕ ФОРТИУС 15ШТ ПЛЕНКА
2025-04-04 18:42:00	1	559,99	КОНФЕТЫ ФЕРРЕРО РОШЕ ПРЕМИУМ 125Г ПЛ/УП. (1/6)
2025-04-09 21:45:00	2	279,96	ЯЙЦО КУРИНОЕ ОТБОРНОЕ ДОМАШНЕЕ БЕЛОРЕЧЬЕ 10ШТ БОКС
2025-04-19 16:27:00	1	229,99	ЯЙЦО КУРИНОЕ ОТБОРНОЕ ФОРТИУС 15ШТ ПЛЕНКА
2025-04-25 12:58:00	1	109,99	КЕКС ТОРТИНИ С КЛУБНИЧНЫМ ДЖЕМОМ МАХАРИШИ ПРОДАКТМС 200Г (1/16)
2025-04-25 12:58:00	1	269,98	ДЕСЕРТ ИЗ ЯБЛОК ПИКАНТА 370Г СТ/Б
2025-04-25 12:58:00	1	229,9	ПЕЧЕНЬЕ ЧОКОПАЙ ОРИОН ВИШНЯ 360Г
2025-04-29 21:40:00	1	229,99	ЯЙЦО КУРИНОЕ ОТБОРНОЕ ФОРТИУС 15ШТ ПЛЕНКА
2025-04-29 21:40:00	1	179,9	ШОКОЛАД ГОРЬКИЙ 55% КОРКУНОВ 90Г (1/14)
2025-05-09 21:38:00	1	159,07	ЯЙЦО КУРИНОЕ ОТБОРНОЕ ФОРТИУС 15ШТ ПЛЕНКА
2025-05-09 21:38:00	1	104,14	ШОКОЛАД РОССИЯ ЩЕДРАЯ ДУША ТЕМНЫЙ РОССИЙСКИЙ 82Г
2025-05-09 21:38:00	2	399,8	ШОКОЛАД RITTER SPORT ТЕМНЫЙ МИНДАЛЬ И АПЕЛЬСИН 100Г (1/12)
2025-05-18 22:55:00	1	149,79	ЯЙЦО КУРИНОЕ 1 КАТЕГОРИИ ФОРТИУС 15ШТ ПЛЕНКА
2025-05-18 22:55:00	1	179,9	ШОКОЛАД ГОРЬКИЙ 55% КОРКУНОВ 90Г (1/14)
2025-05-28 22:01:00	1	185,99	ЯЙЦО КУРИНОЕ ОТБОРНОЕ ИМПЕРИЯ 10ШТ БОКС
2025-05-28 22:01:00	1	109,98	ШОКОЛАД РОССИЯ ЩЕДРАЯ ДУША ТЕМНЫЙ РОССИЙСКИЙ 82Г
2025-05-28 22:01:00	1	209,9	ШОКОЛАД RITTER SPORT МОЛОЧНЫЙ КАРАМЕЛЬНЫЙ МУСС 100Г (1/11)
2025-05-28 22:01:00	1	319,9	КОНФЕТЫ КОРКУНОВ АССОРТИ ТЕМНЫЙ И МОЛОЧНЫЙ ШОКОЛАД 110Г
2025-05-28 22:01:00	1	239,9	ШОКОЛАД RITTER SPORT EXTRA NUT МОЛОЧНЫЙ ЦЕЛЬНЫЙ ЛЕСН. ОРЕХ 100Г (1/10)
2025-06-09 22:16:00	1	149,99	ЯЙЦО КУРИНОЕ 1 КАТЕГОРИИ ФОРТИУС 15ШТ ПЛЕНКА
2025-06-09 22:16:00	1	179,9	ШОКОЛАД ГОРЬКИЙ 55% КОРКУНОВ 90Г (1/14)
2025-06-22 21:40:00	1	124,75	ШОКОЛАД ТЕМНЫЙ РОССИЯ ЩЕДРАЯ ДУША ЦЕЛЬНЫЙ ФУНДУК 85Г
2025-06-22 21:40:00	1	167,99	ЯЙЦО КУРИНОЕ ОТБОРНОЕ ФОРТИУС 15ШТ ПЛЕНКА
2025-07-03 22:25:00	1	139,07	ЯЙЦО КУРИНОЕ 1 КАТЕГОРИИ ФОРТИУС 15ШТ ПЛЕНКА
2025-07-03 22:25:00	1	222,51	ЯЙЦО ПЕРЕПЕЛИНОЕ ЛПХ ЛОБКО 18ШТ
2025-07-13 19:38:00	1	239,99	ШОКОЛАД ПРИМ. КОНДИТЕР ТЕМНЫЙ С МОРСКОЙ СОЛЬЮ 100Г (1/18)
2025-07-13 19:38:00	1	99,99	ЯЙЦО КУРИНОЕ ОТБОРНОЕ ДОМАШНЕЕ БЕЛОРЕЧЬЕ 10ШТ БОКС
2025-07-22 21:47:00	1	212,99	ЯЙЦО ПЕРЕПЕЛИНОЕ ГКФХ ПОЛЯКОВ 18ШТ
2025-07-22 21:47:00	1	147,99	ЯЙЦО КУРИНОЕ 1 КАТЕГОРИИ ФОРТИУС 15ШТ ПЛЕНКА
2025-07-22 21:47:00	1	239,99	ШОКОЛАД ПРИМ. КОНДИТЕР ТЕМНЫЙ С МОРСКОЙ СОЛЬЮ 100Г (1/18)
2025-07-30 21:29:00	25	1874,43	ЯЙЦО КУРИНОЕ 1 КАТЕГОРИЯ ДОМАШНЕЕ БЕЛОРЕЧЬЕ 10ШТ БОКС
2025-07-30 21:29:00	1	227,8	ШОКОЛАД ПРИМ. КОНДИТЕР ТЕМНЫЙ С МОРСКОЙ СОЛЬЮ 100Г (1/18)
2025-08-10 22:22:00	1	212,99	ЯЙЦО ПЕРЕПЕЛИНОЕ ГКФХ ПОЛЯКОВ 18ШТ
2025-08-10 22:22:00	1	239,99	ШОКОЛАД ПРИМ. КОНДИТЕР ТЕМНЫЙ С МОРСКОЙ СОЛЬЮ 100Г (1/18)
2025-08-19 21:46:00	1	169,99	ЯЙЦО КУРИНОЕ ОТБОРНОЕ ИВА 10ШТ БОКС
2025-08-19 21:46:00	2	479,98	ШОКОЛАД ПРИМ. КОНДИТЕР ТЕМНЫЙ С МОРСКОЙ СОЛЬЮ 100Г (1/18)
2025-08-28 20:49:00	1	99,99	ЯЙЦО КУРИНОЕ ОТБОРНОЕ ДОМАШНЕЕ БЕЛОРЕЧЬЕ 10ШТ БОКС
2025-08-28 20:49:00	1	239,99	ШОКОЛАД ПРИМ. КОНДИТЕР ТЕМНЫЙ С МОРСКОЙ СОЛЬЮ 100Г (1/18)
2025-08-30 10:36:00	1	659,99	КОНФЕТЫ ЧЕРНОСЛИВ СЛАДКИЙ РАЙ ПРИМОРЬЯ С ГРЕЦ.ОРЕХОМ В ШОК. 200Г (1/10)
2025-09-04 19:54:00	1	224,37	ШОКОЛАД ПРИМ. КОНДИТЕР ТЕМНЫЙ С МОРСКОЙ СОЛЬЮ 100Г (1/18)
2025-09-04 19:54:00	1	73,85	ЯЙЦО КУРИНОЕ 1 КАТЕГОРИЯ ДОМАШНЕЕ БЕЛОРЕЧЬЕ 10ШТ БОКС
2025-09-18 15:13:00	1	89,99	ЯЙЦО КУРИНОЕ 1 КАТЕГОРИИ ФОРТИУС 10ШТ ПЛЕНКА
2025-09-18 15:13:00	1	239,99	ШОКОЛАД ПРИМ. КОНДИТЕР ТЕМНЫЙ С МОРСКОЙ СОЛЬЮ 100Г (1/18)
2025-09-28 18:49:00	1	65,9	ПЕЧЕНЬЕ ЗАТЯЖНОЕ ГУТЭ ОРИОН 72Г (1/20)
2025-09-28 18:49:00	2	197,93	ЯЙЦО КУРИНОЕ 1 КАТЕГОРИИ ИВА 10ШТ БОКС
2025-09-28 18:49:00	2	431,87	ШОКОЛАД ПРИМ. КОНДИТЕР ТЕМНЫЙ С МОРСКОЙ СОЛЬЮ 100Г (1/18)
2025-10-05 17:01:00	1	212,99	ЯЙЦО ПЕРЕПЕЛИНОЕ ГКФХ ПОЛЯКОВ 18ШТ
2025-10-05 17:01:00	1	138,99	ЯЙЦО КУРИНОЕ 1 КАТЕГОРИИ ФОРТИУС 10ШТ ПЛЕНКА
2025-10-05 17:01:00	2	131,8	ПЕЧЕНЬЕ ЗАТЯЖНОЕ ГУТЭ ОРИОН 72Г (1/20)
2025-10-16 22:24:00	2	209,98	ЯЙЦО КУРИНОЕ 1 КАТЕГОРИЯ ДОМАШНЕЕ БЕЛОРЕЧЬЕ 10ШТ БОКС
2025-10-16 22:24:00	1	339,99	ШОКОЛАД ГОРЬКИЙ 60% КАКАО CREA 100Г
2025-10-16 22:24:00	1	239,99	ШОКОЛАД ПРИМ. КОНДИТЕР ТЕМНЫЙ С МОРСКОЙ СОЛЬЮ 100Г (1/18)
2025-10-25 16:20:00	2	239,8	ПЕЧЕНЬЕ ОРИОН GOUTE COFFEE 144Г
2025-10-25 16:20:00	2	239,8	ПЕЧЕНЬЕ ОРИОН GOUTE 144Г
2025-10-25 16:20:00	2	217,98	ЯЙЦО КУРИНОЕ ОТБОРНОЕ ДОМАШНЕЕ БЕЛОРЕЧЬЕ 10ШТ БОКС
2025-11-13 21:20:00	1	136,99	ЯЙЦО КУРИНОЕ ОТБОРНОЕ ДОМАШНЕЕ БЕЛОРЕЧЬЕ 10ШТ БОКС
2025-12-02 19:00:00	1	136,99	ЯЙЦО КУРИНОЕ ОТБОРНОЕ ДОМАШНЕЕ БЕЛОРЕЧЬЕ 10ШТ БОКС
2025-12-13 16:25:00	1	87,99	ПЕЧЕНЬЕ ЗАТЯЖНОЕ ГУТЭ ОРИОН 72Г (1/20)
2025-12-13 16:25:00	1	109,99	ПЕЧЕНЬЕ ЗАТЯЖНОЕ ОРИОН GOUTE COFFEE 72Г
2025-12-13 16:25:00	2	299,98	ЯЙЦО КУРИНОЕ ОТБОРНОЕ ДОМАШНЕЕ БЕЛОРЕЧЬЕ 10ШТ БОКС
2025-12-23 21:37:00	1	216,84	ШОКОЛАД ПРИМ. КОНДИТЕР ТЕМНЫЙ С МОРСКОЙ СОЛЬЮ 100Г (1/18)
2025-12-23 21:37:00	2	307,19	ЯЙЦО КУРИНОЕ 1 КАТЕГОРИИ ОТ ПРИМОРСКИХ КУР 10ШТ КОНТ.
2026-01-02 13:52:00	2	299,98	ЯЙЦО КУРИНОЕ ОТБОРНОЕ ДОМАШНЕЕ БЕЛОРЕЧЬЕ 10ШТ БОКС
2026-01-10 22:15:00	1	235,99	ЯЙЦО КУРИНОЕ ОТБОРНОЕ ФОРТИУС 15ШТ ПЛЕНКА
2026-01-17 16:11:00	2	359,98	ЯЙЦО КУРИНОЕ ОТБОРНОЕ ФОРТИУС 10ШТ БОКС
2026-01-17 16:11:00	1	239,99	ШОКОЛАД ПРИМ. КОНДИТЕР ТЕМНЫЙ С МОРСКОЙ СОЛЬЮ 100Г (1/18)
2026-01-25 15:52:00	1	169,02	ЯЙЦО КУРИНОЕ ОТБОРНОЕ ФОРТИУС 15ШТ ПЛЕНКА
2026-02-01 17:40:00	1	178,99	ЯЙЦО КУРИНОЕ ОТБОРНОЕ ФОРТИУС 15ШТ ПЛЕНКА
2026-02-01 17:40:00	1	339,99	ОРЕХ ГРЕЦКИЙ АЛИЕВ В СКОРЛУПЕ 500Г
2026-02-09 22:50:00	1	207,99	ЯЙЦО КУРИНОЕ ОТБОРНОЕ ФОРТИУС 15ШТ ПЛЕНКА
2026-02-09 22:50:00	1	129,9	ШОКОЛАД ГОРЬКИЙ 70% РОССИЯ ЩЕДРАЯ ДУША РОССИЙСКИЙ 75Г
2026-02-19 20:53:00	1	235,99	ЯЙЦО КУРИНОЕ ОТБОРНОЕ ФОРТИУС 15ШТ ПЛЕНКА
2026-02-19 20:53:00	1	159,9	ШОКОЛАД РОССИЯ ЩЕДРАЯ ДУША ТЕМНЫЙ РОССИЙСКИЙ 75Г
2026-02-28 13:50:00	1	129,9	ПЕЧЕНЬЕ ОРИОН GOUTE COFFEE 144Г
2026-02-28 13:50:00	1	216,99	ЯЙЦО КУРИНОЕ ОТБОРНОЕ ОТ ПРИМОРСКИХ КУР 10ШТ КОНТ.
2026-03-01 21:45:00	1	239,99	ШОКОЛАД ПРИМ. КОНДИТЕР ТЕМНЫЙ С МОРСКОЙ СОЛЬЮ 100Г (1/18)
2026-03-01 21:45:00	1	159,9	ШОКОЛАД РОССИЯ ЩЕДРАЯ ДУША ТЕМНЫЙ ПУТЕШЕСТВИЕ 75Г
2026-03-01 21:45:00	1	254,99	ЯЙЦО КУРИНОЕ ОТБОРНОЕ ФОРТИУС 15ШТ ПЛЕНКА
2026-03-01 21:45:00	1	159,9	ШОКОЛАД ГОРЬКИЙ 70% РОССИЯ ЩЕДРАЯ ДУША РОССИЙСКИЙ 75Г
2026-03-09 14:44:00	1	277,96	ЯЙЦО КУРИНОЕ ОТБОРНОЕ ФОРТИУС 15ШТ ПЛЕНКА
2026-03-09 14:44:00	1	222,37	ШОКОЛАД ПРИМ. КОНДИТЕР ТЕМНЫЙ С МОРСКОЙ СОЛЬЮ 100Г (1/18)
2026-03-16 13:25:00	1	304,99	ШОКОЛАД ПРИМ. КОНДИТЕР ТЕМНЫЙ С КЛЮКВОЙ И МИНДАЛЕМ 100Г (1/17)
2026-03-19 22:17:00	1	299,99	ЯЙЦО КУРИНОЕ ОТБОРНОЕ ФОРТИУС 15ШТ ПЛЕНКА
2026-03-19 22:17:00	1	159,9	ШОКОЛАД РОССИЯ ЩЕДРАЯ ДУША ТЕМНЫЙ РОССИЙСКИЙ 75Г
2026-03-29 22:24:00	1	266,76	ЯЙЦО КУРИНОЕ ОТБОРНОЕ ФОРТИУС 15ШТ ПЛЕНКА
2026-03-29 22:24:00	1	302,33	ОРЕХ ГРЕЦКИЙ АЛИЕВ В СКОРЛУПЕ 500Г
2026-03-29 22:24:00	1	213,41	ШОКОЛАД ПРИМ. КОНДИТЕР ТЕМНЫЙ С МОРСКОЙ СОЛЬЮ 100Г (1/18)
